{
  "vacation_percentage":
  {
    "1.1":  3.000000,
    "2.1":  2.914580,
    "3.1":  2.829680,
    "4.1":  2.745800,
    "5.1":  2.663440,
    "6.1":  2.583130,
    "7.1":  2.505370,
    "8.1":  2.430670,
    "9.1":  2.359550,
    "10.1":  2.292510,
    "11.1":  2.230060,
    "12.1":  2.172710,
    "13.1":  2.120980,
    "14.1":  2.075370,
    "15.1":  2.036400,
    "16.1":  2.004570,
    "17.1":  1.980320,
    "18.1":  1.963490,
    "19.1":  1.953710,
    "20.1":  1.950600,
    "21.1":  1.953800,
    "22.1":  1.962920,
    "23.1":  1.977590,
    "24.1":  1.997430,
    "25.1":  2.022070,
    "26.1":  2.051130,
    "27.1":  2.084240,
    "28.1":  2.121010,
    "29.1":  2.161080,
    "30.1":  2.204070,
    "31.1":  2.249590,
    "1.2":  2.297290,
    "2.2":  2.346770,
    "3.2":  2.397670,
    "4.2":  2.449610,
    "5.2":  2.502210,
    "6.2":  2.555090,
    "7.2":  2.607890,
    "8.2":  2.660230,
    "9.2":  2.711720,
    "10.2":  2.762000,
    "11.2":  2.810690,
    "12.2":  2.857410,
    "13.2":  2.901780,
    "14.2":  2.943440,
    "15.2":  2.982000,
    "16.2":  3.017100,
    "17.2":  3.048680,
    "18.2":  3.076960,
    "19.2":  3.102180,
    "20.2":  3.124580,
    "21.2":  3.144410,
    "22.2":  3.161900,
    "23.2":  3.177300,
    "24.2":  3.190830,
    "25.2":  3.202760,
    "26.2":  3.213310,
    "27.2":  3.222720,
    "28.2":  3.231240,
    "1.3":  3.239110,
    "2.3":  3.246570,
    "3.3":  3.253850,
    "4.3":  3.261200,
    "5.3":  3.268850,
    "6.3":  3.277060,
    "7.3":  3.286060,
    "8.3":  3.296080,
    "9.3":  3.307380,
    "10.3":  3.320180,
    "11.3":  3.334740,
    "12.3":  3.351280,
    "13.3":  3.370060,
    "14.3":  3.391310,
    "15.3":  3.415270,
    "16.3":  3.442190,
    "17.3":  3.472300,
    "18.3":  3.505840,
    "19.3":  3.543040,
    "20.3":  3.584060,
    "21.3":  3.629080,
    "22.3":  3.678260,
    "23.3":  3.731770,
    "24.3":  3.789770,
    "25.3":  3.852440,
    "26.3":  3.919930,
    "27.3":  3.992420,
    "28.3":  4.070060,
    "29.3":  4.153040,
    "30.3":  4.241500,
    "31.3":  4.335630,
    "1.4":  4.435590,
    "2.4":  4.541530,
    "3.4":  4.653640,
    "4.4":  4.772080,
    "5.4":  4.897000,
    "6.4":  5.028590,
    "7.4":  5.167000,
    "8.4":  5.312410,
    "9.4":  5.464970,
    "10.4":  5.624860,
    "11.4":  5.792240,
    "12.4":  5.967280,
    "13.4":  6.150150,
    "14.4":  6.341000,
    "15.4":  6.540020,
    "16.4":  6.747360,
    "17.4":  6.963190,
    "18.4":  7.187570,
    "19.4":  7.419780,
    "20.4":  7.658820,
    "21.4":  7.903680,
    "22.4":  8.153330,
    "23.4":  8.406770,
    "24.4":  8.662980,
    "25.4":  8.920940,
    "26.4":  9.179650,
    "27.4":  9.438080,
    "28.4":  9.695230,
    "29.4":  9.950080,
    "30.4":  10.201600,
    "1.5":  10.448800,
    "2.5":  10.690700,
    "3.5":  10.926200,
    "4.5":  11.154300,
    "5.5":  11.374100,
    "6.5":  11.584400,
    "7.5":  11.784400,
    "8.5":  11.972900,
    "9.5":  12.149000,
    "10.5":  12.311600,
    "11.5":  12.459700,
    "12.5":  12.592400,
    "13.5":  12.708600,
    "14.5":  12.807200,
    "15.5":  12.887400,
    "16.5":  12.948000,
    "17.5":  12.988000,
    "18.5":  13.006500,
    "19.5":  13.003800,
    "20.5":  12.981300,
    "21.5":  12.940500,
    "22.5":  12.883000,
    "23.5":  12.810300,
    "24.5":  12.723800,
    "25.5":  12.625300,
    "26.5":  12.516100,
    "27.5":  12.397700,
    "28.5":  12.271800,
    "29.5":  12.139800,
    "30.5":  12.003300,
    "31.5":  11.863800,
    "1.6":  11.722800,
    "2.6":  11.581800,
    "3.6":  11.442400,
    "4.6":  11.306100,
    "5.6":  11.174400,
    "6.6":  11.048800,
    "7.6":  10.930900,
    "8.6":  10.822200,
    "9.6":  10.724200,
    "10.6":  10.638400,
    "11.6":  10.566400,
    "12.6":  10.509700,
    "13.6":  10.469800,
    "14.6":  10.448200,
    "15.6":  10.446500,
    "16.6":  10.466200,
    "17.6":  10.508800,
    "18.6":  10.575000,
    "19.6":  10.663900,
    "20.6":  10.774200,
    "21.6":  10.904400,
    "22.6":  11.053300,
    "23.6":  11.219500,
    "24.6":  11.401800,
    "25.6":  11.598700,
    "26.6":  11.809100,
    "27.6":  12.031400,
    "28.6":  12.264500,
    "29.6":  12.507000,
    "30.6":  12.757600,
    "1.7":  13.014900,
    "2.7":  13.277700,
    "3.7":  13.544600,
    "4.7":  13.814200,
    "5.7":  14.085300,
    "6.7":  14.356600,
    "7.7":  14.626600,
    "8.7":  14.894200,
    "9.7":  15.157900,
    "10.7":  15.416400,
    "11.7":  15.668500,
    "12.7":  15.912800,
    "13.7":  16.147900,
    "14.7":  16.372600,
    "15.7":  16.585400,
    "16.7":  16.785200,
    "17.7":  16.970600,
    "18.7":  17.140400,
    "19.7":  17.294600,
    "20.7":  17.433600,
    "21.7":  17.557900,
    "22.7":  17.667800,
    "23.7":  17.764000,
    "24.7":  17.846700,
    "25.7":  17.916400,
    "26.7":  17.973600,
    "27.7":  18.018700,
    "28.7":  18.052200,
    "29.7":  18.074400,
    "30.7":  18.085800,
    "31.7":  18.086900,
    "1.8":  18.078000,
    "2.8":  18.059700,
    "3.8":  18.032300,
    "4.8":  17.996400,
    "5.8":  17.952300,
    "6.8":  17.900400,
    "7.8":  17.841300,
    "8.8":  17.775300,
    "9.8":  17.703000,
    "10.8":  17.624600,
    "11.8":  17.540700,
    "12.8":  17.451700,
    "13.8":  17.358100,
    "14.8":  17.260200,
    "15.8":  17.158600,
    "16.8":  17.053600,
    "17.8":  16.945700,
    "18.8":  16.835200,
    "19.8":  16.722100,
    "20.8":  16.606600,
    "21.8":  16.488900,
    "22.8":  16.368900,
    "23.8":  16.246800,
    "24.8":  16.122800,
    "25.8":  15.996900,
    "26.8":  15.869300,
    "27.8":  15.740000,
    "28.8":  15.609100,
    "29.8":  15.476900,
    "30.8":  15.343300,
    "31.8":  15.208500,
    "1.9":  15.072600,
    "2.9":  14.935700,
    "3.9":  14.798000,
    "4.9":  14.659400,
    "5.9":  14.520200,
    "6.9":  14.380500,
    "7.9":  14.240300,
    "8.9":  14.099800,
    "9.9":  13.959100,
    "10.9":  13.818200,
    "11.9":  13.677400,
    "12.9":  13.536600,
    "13.9":  13.396100,
    "14.9":  13.255800,
    "15.9":  13.116100,
    "16.9":  12.976800,
    "17.9":  12.838200,
    "18.9":  12.699900,
    "19.9":  12.561700,
    "20.9":  12.423400,
    "21.9":  12.284800,
    "22.9":  12.145700,
    "23.9":  12.005700,
    "24.9":  11.864800,
    "25.9":  11.722500,
    "26.9":  11.578800,
    "27.9":  11.433400,
    "28.9":  11.286100,
    "29.9":  11.136500,
    "30.9":  10.984600,
    "1.10":  10.830000,
    "2.10":  10.672500,
    "3.10":  10.512000,
    "4.10":  10.348100,
    "5.10":  10.180700,
    "6.10":  10.009400,
    "7.10":  9.834170,
    "8.10":  9.654650,
    "9.10":  9.470640,
    "10.10":  9.281920,
    "11.10":  9.088250,
    "12.10":  8.889400,
    "13.10":  8.685140,
    "14.10":  8.475240,
    "15.10":  8.259470,
    "16.10":  8.037590,
    "17.10":  7.809480,
    "18.10":  7.575670,
    "19.10":  7.336990,
    "20.10":  7.094240,
    "21.10":  6.848240,
    "22.10":  6.599800,
    "23.10":  6.349740,
    "24.10":  6.098880,
    "25.10":  5.848020,
    "26.10":  5.597990,
    "27.10":  5.349590,
    "28.10":  5.103650,
    "29.10":  4.860970,
    "30.10":  4.622370,
    "31.10":  4.388670,
    "1.11":  4.160680,
    "2.11":  3.939220,
    "3.11":  3.725090,
    "4.11":  3.519120,
    "5.11":  3.322110,
    "6.11":  3.134890,
    "7.11":  2.958270,
    "8.11":  2.793060,
    "9.11":  2.640080,
    "10.11":  2.500140,
    "11.11":  2.374060,
    "12.11":  2.262650,
    "13.11":  2.166720,
    "14.11":  2.087090,
    "15.11":  2.024580,
    "16.11":  1.979960,
    "17.11":  1.953090,
    "18.11":  1.942920,
    "19.11":  1.948350,
    "20.11":  1.968300,
    "21.11":  2.001660,
    "22.11":  2.047360,
    "23.11":  2.104280,
    "24.11":  2.171350,
    "25.11":  2.247470,
    "26.11":  2.331550,
    "27.11":  2.422490,
    "28.11":  2.519200,
    "29.11":  2.620590,
    "30.11":  2.725560,
    "1.12":  2.833030,
    "2.12":  2.941900,
    "3.12":  3.051080,
    "4.12":  3.159470,
    "5.12":  3.265990,
    "6.12":  3.369540,
    "7.12":  3.469020,